pdb_id,deposition_date,experimental_method,resolution,spacegroup,a,b,c,alpha,beta,gamma,volume,chains,atoms,protein_residues,nucleic_residues,other_residues
3n1k,2010-05-15T01:00:00Z,X-ray diffraction,2.702,F 4 3 2,166.934,166.934,166.934,90.0,90.0,90.0,4651943.160068504,2,1511,161,9,56
3ikt,2009-08-06T01:00:00Z,X-ray diffraction,2.26,P 31 2 1,63.15,63.15,299.26,90.0,90.0,120.0,1033536.9627740049,4,4498,410,44,379
5z3n,2018-01-08T01:00:00Z,X-ray diffraction,1.91,P 31 2 1,107.947,107.947,90.121,90.0,90.0,120.0,909447.8239491212,3,5410,539,27,508
3u6e,2011-10-12T01:00:00Z,X-ray diffraction,1.7,P 21 21 21,45.188,93.541,104.65,90.0,90.0,90.0,442348.29859220004,3,2739,252,21,264
4u7b,2014-07-30T01:00:00Z,X-ray diffraction,3.09,C 2 2 21,96.471,340.09,160.36,90.0,90.0,90.0,5261222.758460401,9,12039,1026,168,5
6x71,2020-05-29T01:00:00Z,X-ray diffraction,1.78,P 21 21 21,62.269,73.713,117.221,90.0,90.0,90.0,538048.468939137,3,4792,438,30,565
6mu4,2018-10-22T01:00:00Z,X-ray diffraction,1.62,P 21 21 21,87.835,93.898,105.809,90.0,90.0,90.0,872662.98959147,3,5756,577,11,563
3spl,2011-07-02T01:00:00Z,X-ray diffraction,2.101,R 3 2 :H,220.956,220.956,135.154,90.0,90.0,120.0,5714406.533427064,8,8684,800,56,866
7rcd,2021-07-07T01:00:00Z,X-ray diffraction,2.448,P 21 21 21,41.614,64.457,169.913,90.0,90.0,90.0,455759.950376974,3,3250,287,52,13
3zju,2013-01-18T01:00:00Z,X-ray diffraction,2.4,P 21 21 21,76.72,120.03,142.81,90.0,90.0,90.0,1315094.675496,2,8359,820,79,119
3hqg,2009-06-06T01:00:00Z,X-ray diffraction,2.6,P 21 21 2,77.054,57.971,61.01,90.0,90.0,90.0,272525.41244834,3,2371,222,24,68
6rti,2019-05-24T01:00:00Z,X-ray diffraction,2.2,P 41 21 2,121.096,121.096,216.271,90.0,90.0,90.0,3171450.1120255357,9,7271,693,21,454
2bcr,2005-10-19T01:00:00Z,X-ray diffraction,1.75,P 21 21 21,56.076,62.925,139.364,90.0,90.0,90.0,491757.3436572,4,3579,325,23,534
3vea,2012-01-07T01:00:00Z,X-ray diffraction,2.55,C 2 2 21,73.98,111.31,169.14,90.0,90.0,90.0,1392819.4921320002,4,3487,298,46,62
5xzb,2017-07-12T01:00:00Z,X-ray diffraction,2.13,I 2 2 2,85.502,98.841,130.201,90.0,90.0,90.0,1100342.0853995818,3,3622,357,29,68
6dcc,2018-05-04T01:00:00Z,X-ray diffraction,2.1,P 63,119.69,119.69,77.82,90.0,90.0,120.0,965467.351445752,2,2664,221,35,94
6ncm,2018-12-11T01:00:00Z,X-ray diffraction,2.704,P 21 21 21,42.54,72.31,102.63,90.0,90.0,90.0,315696.797262,4,2141,178,32,15
4oog,2014-02-02T01:00:00Z,X-ray diffraction,2.5,C 2 2 21,157.972,183.804,61.289,90.0,90.0,90.0,1779580.3856740321,4,4754,480,34,102
5kt7,2016-07-11T01:00:00Z,X-ray diffraction,3.151,P 65 2 2,97.74,97.74,202.013,90.0,90.0,120.0,1671300.7931108773,3,3300,379,17,3
5ew1,2015-11-20T01:00:00Z,X-ray diffraction,2.95,I 2 3,145.548,145.548,145.548,90.0,90.0,90.0,3083320.8968065926,4,3214,277,41,78
2ezv,2005-11-10T01:00:00Z,X-ray diffraction,2.4,P 32 2 1,85.6,85.6,202.4,90.0,90.0,120.0,1284365.6123012062,4,5029,536,30,181
1nkc,2003-01-02T01:00:00Z,X-ray diffraction,1.8,P 21 21 21,87.802,93.491,105.475,90.0,90.0,90.0,865812.29308145,4,5912,580,30,619
5fdk,2015-12-16T01:00:00Z,X-ray diffraction,3.208,R 3 2 :H,144.447,144.447,310.343,90.0,90.0,120.0,5607762.842876354,8,6138,716,46,0
6p1o,2019-05-20T01:00:00Z,X-ray diffraction,1.65,P 21 21 21,59.947,68.713,110.724,90.0,90.0,90.0,456087.45927476394,4,3418,326,18,363
6a5n,2018-06-24T01:00:00Z,X-ray diffraction,2.4,P 21 21 21,74.137,79.443,107.845,90.0,90.0,90.0,635170.996445895,3,4515,502,26,43
3n1j,2010-05-15T01:00:00Z,X-ray diffraction,2.65,F 4 3 2,166.495,166.495,166.495,90.0,90.0,90.0,4615338.803737375,2,1506,161,9,60
4dsk,2012-02-19T01:00:00Z,X-ray diffraction,2.18,P 21 21 21,86.692,93.339,106.363,90.0,90.0,90.0,860662.229613444,3,5464,575,25,305
4cis,2013-12-15T01:00:00Z,X-ray diffraction,2.05,P 21 21 21,43.063,112.692,132.882,90.0,90.0,90.0,644857.1573076721,4,4999,530,27,139
3spd,2011-07-01T01:00:00Z,X-ray diffraction,1.912,R 3 2 :H,220.409,220.409,135.031,90.0,90.0,120.0,5680973.506852383,8,8860,800,56,1125
6jiq,2019-02-22T01:00:00Z,X-ray diffraction,1.67,I 41,66.563,66.563,42.054,90.0,90.0,90.0,186325.83887832603,2,639,67,4,41
2noh,2006-10-25T01:00:00Z,X-ray diffraction,2.01,P 65 2 2,92.169,92.169,211.382,90.0,90.0,120.0,1555136.037672405,3,3366,313,29,312
5v0b,2017-02-28T01:00:00Z,X-ray diffraction,2.63,P 43 21 2,73.764,73.764,182.796,90.0,90.0,90.0,994616.3783180158,3,3255,344,22,86
4rno,2014-10-24T01:00:00Z,X-ray diffraction,2.82,P 61,98.788,98.788,82.008,90.0,90.0,120.0,693098.9458815798,3,3801,425,20,59
5kt6,2016-07-11T01:00:00Z,X-ray diffraction,3.54,P 65 2 2,98.269,98.269,201.656,90.0,90.0,120.0,1686455.3728425002,3,3286,381,16,3
2det,2006-02-17T01:00:00Z,X-ray diffraction,3.4,I 21 21 21,101.537,108.015,211.239,90.0,90.0,90.0,2316767.757659145,2,4354,365,70,1
5dg7,2015-08-27T01:00:00Z,X-ray diffraction,2.26,P 61,99.039,99.039,81.826,90.0,90.0,120.0,695079.4462743517,3,4165,430,19,356
4qwb,2014-07-16T01:00:00Z,X-ray diffraction,1.8,P 21 21 2,96.95,102.34,52.73,90.0,90.0,90.0,523179.83599000005,3,3731,343,28,319
6p1t,2019-05-20T01:00:00Z,X-ray diffraction,1.7,P 21 21 21,59.805,68.715,110.434,90.0,90.0,90.0,453828.58649955,4,3416,327,17,361
2r8k,2007-09-11T01:00:00Z,X-ray diffraction,3.3,P 41 21 2,103.74,103.74,292.81,90.0,90.0,90.0,3151217.5891559995,6,8962,1022,38,8
1nk4,2003-01-02T01:00:00Z,X-ray diffraction,1.6,P 21 21 21,87.888,93.674,105.337,90.0,90.0,90.0,867220.614272544,4,5589,580,19,492
4j9q,2013-02-16T01:00:00Z,X-ray diffraction,1.96,P 61,98.39,98.39,81.77,90.0,90.0,120.0,685530.1350496224,3,4102,427,20,213
4yr2,2015-03-14T01:00:00Z,X-ray diffraction,1.95,P 61,98.971,98.971,82.177,90.0,90.0,120.0,697102.806331662,3,4068,423,19,394
3u6q,2011-10-12T01:00:00Z,X-ray diffraction,1.981,P 21 21 21,45.188,93.541,104.65,90.0,90.0,90.0,442348.29859220004,3,2639,252,19,152
4fs1,2012-06-26T01:00:00Z,X-ray diffraction,2.5,P 65 2 2,97.47,97.47,203.541,90.0,90.0,120.0,1674651.596076234,3,3370,383,15,71
4ato,2012-05-09T01:00:00Z,X-ray diffraction,2.2,P 6,127.1,127.1,37.735,90.0,90.0,120.0,527917.5345372416,2,2347,168,33,224
4tyn,2014-07-08T01:00:00Z,X-ray diffraction,2.959,P 21 21 2,90.389,126.189,55.231,90.0,90.0,90.0,629970.172182351,2,7977,509,7,3
6bqu,2017-11-28T01:00:00Z,X-ray diffraction,2.5,P 21 21 21,38.231,88.235,103.905,90.0,90.0,90.0,350504.012972925,4,3210,143,32,14
3twm,2011-09-22T01:00:00Z,X-ray diffraction,2.8,P 21 21 21,46.4,98.57,181.48,90.0,90.0,90.0,830025.6390399998,6,5502,522,62,143
2up1,1998-07-10T01:00:00Z,X-ray diffraction,2.1,P 43 21 2,51.2,51.2,171.09,90.0,90.0,90.0,448502.1696000001,2,1844,183,11,144
1yql,2005-02-02T01:00:00Z,X-ray diffraction,2.6,P 65 2 2,92.322,92.322,210.744,90.0,90.0,120.0,1555593.9982622014,3,3084,314,24,120
6vf7,2020-01-03T01:00:00Z,X-ray diffraction,1.871,P 21 21 21,60.159,68.927,110.446,90.0,90.0,90.0,457973.107639278,4,3408,326,17,331
4k4h,2013-04-12T01:00:00Z,X-ray diffraction,2.1,P 21 21 2,194.95,97.44,105.17,90.0,90.0,90.0,1997801.74776,16,12678,1310,84,523
5elr,2015-11-05T01:00:00Z,X-ray diffraction,2.3,P 21 21 21,42.38,45.56,151.98,90.0,90.0,90.0,293447.968944,3,1927,225,5,21
3px6,2010-12-09T01:00:00Z,X-ray diffraction,1.59,P 21 21 21,93.46,108.28,149.76,90.0,90.0,90.0,1515548.556288,6,21552,1160,42,1211
5kfs,2016-06-12T01:00:00Z,X-ray diffraction,1.46,P 61,98.71,98.71,82.08,90.0,90.0,120.0,692612.4330474033,3,4432,430,20,453
5kft,2016-06-12T01:00:00Z,X-ray diffraction,1.52,P 61,98.43,98.43,82.0,90.0,90.0,120.0,688017.4516200568,3,4310,430,20,443
7o56,2021-04-07T01:00:00Z,X-ray diffraction,2.6,C 2 2 21,77.88,112.44,140.66,90.0,90.0,90.0,1231735.3139519999,5,3666,335,42,0
3tq1,2011-09-08T01:00:00Z,X-ray diffraction,2.556,P 61,98.914,98.914,81.185,90.0,90.0,120.0,687894.6885910042,3,3660,423,19,76
4g4q,2012-07-16T01:00:00Z,X-ray diffraction,1.86,P 21 21 21,45.188,93.541,104.65,90.0,90.0,90.0,442348.29859220004,3,2791,254,24,226
6rcl,2019-04-11T01:00:00Z,X-ray diffraction,1.97,C 2 2 21,35.613,125.835,167.91,90.0,90.0,90.0,752465.46907305,3,2918,328,2,199
1u1n,2004-07-15T01:00:00Z,X-ray diffraction,2.1,P 43 21 2,51.752,51.752,171.258,90.0,90.0,90.0,458675.0787160321,2,1832,183,10,138
6yym,2020-05-05T01:00:00Z,X-ray diffraction,2.63,I 2 2 2,75.27,81.48,81.39,90.0,90.0,90.0,499164.837444,2,2760,148,12,30
2h8r,2006-06-07T01:00:00Z,X-ray diffraction,3.2,R 3 :H,174.689,174.689,72.434,90.0,90.0,120.0,1914274.5166564754,4,3736,352,40,7
5aor,2015-09-11T01:00:00Z,X-ray diffraction,2.08,P 43 21 2,154.373,154.373,198.194,90.0,90.0,90.0,4723165.798029025,4,16961,2001,21,608
3ova,2010-09-16T01:00:00Z,X-ray diffraction,1.98,P 43 21 2,57.942,57.942,427.945,90.0,90.0,90.0,1436729.20564698,2,4558,430,34,225
4z5c,2015-04-02T01:00:00Z,X-ray diffraction,2.5,P 31 2 1,109.027,109.027,58.796,90.0,90.0,120.0,605266.3603147432,4,2056,142,41,95
4qep,2014-05-17T01:00:00Z,X-ray diffraction,3.1,P 21 21 21,54.346,95.569,121.754,90.0,90.0,90.0,632365.057580996,3,4210,467,24,5
2uvv,2007-03-14T01:00:00Z,X-ray diffraction,2.2,P 21 21 2,95.776,103.725,53.032,90.0,90.0,90.0,526839.2764991999,3,3590,343,30,186
3ov7,2010-09-15T01:00:00Z,X-ray diffraction,3.0,P 21 21 2,111.393,216.095,58.16,90.0,90.0,90.0,1399996.7146836,4,8853,878,68,58
4i28,2012-11-21T01:00:00Z,X-ray diffraction,2.15,P 21 21 21,46.824,84.799,115.773,90.0,90.0,90.0,459691.558974648,2,3356,352,5,400
4ew0,2012-04-26T01:00:00Z,X-ray diffraction,2.39,C 2 2 21,40.08,110.23,118.45,90.0,90.0,90.0,523314.27948,3,1683,143,21,36
3gp1,2009-03-20T01:00:00Z,X-ray diffraction,2.05,P 21 21 21,45.613,92.845,105.019,90.0,90.0,90.0,444749.057265715,3,2695,252,26,181
7dcj,2020-10-26T01:00:00Z,X-ray diffraction,2.004,P 21 21 21,42.221,62.765,97.345,90.0,90.0,90.0,257964.353672425,4,2524,204,26,309
3m9n,2010-03-22T01:00:00Z,X-ray diffraction,1.93,P 21 21 2,98.227,103.233,52.259,90.0,90.0,90.0,529920.2597157691,3,3661,341,28,297
5ns4,2017-04-25T01:00:00Z,X-ray diffraction,2.4,P 21 21 2,93.757,122.432,51.013,90.0,90.0,90.0,585570.933365312,4,3701,284,62,80
4tz0,2014-07-09T01:00:00Z,X-ray diffraction,2.35,P 21 21 2,89.979,126.614,55.553,90.0,90.0,90.0,632893.169241618,2,8057,508,7,64
6vfa,2020-01-03T01:00:00Z,X-ray diffraction,1.76,P 21 21 21,60.079,62.215,118.925,90.0,90.0,90.0,444519.647091125,4,3301,327,17,313
1u8r,2004-08-06T01:00:00Z,X-ray diffraction,2.75,P 31,107.959,107.959,215.124,90.0,90.0,120.0,2171386.845457538,12,16481,1770,132,83
5iii,2016-03-01T01:00:00Z,X-ray diffraction,1.8,P 21 21 21,55.848,62.681,140.024,90.0,90.0,90.0,490169.202923712,4,3173,314,21,336
6plc,2019-06-30T01:00:00Z,X-ray diffraction,2.5,P 61,98.447,98.447,81.856,90.0,90.0,120.0,687046.4861400633,3,3845,430,19,56
6lwb,2020-02-07T01:00:00Z,X-ray diffraction,2.55,P 21 21 21,73.807,109.236,169.402,90.0,90.0,90.0,1365783.542731704,9,7570,754,75,263
1u45,2004-07-23T01:00:00Z,X-ray diffraction,2.01,P 21 21 21,87.281,93.141,106.02,90.0,90.0,90.0,861883.1886184202,4,5663,580,20,574
2oh2,2007-01-09T01:00:00Z,X-ray diffraction,3.05,C 2 2 21,116.15,152.472,217.389,90.0,90.0,90.0,3849877.1908692005,6,7583,868,50,25
7z26,2022-02-25T01:00:00Z,X-ray diffraction,1.9,P 65,80.69,80.69,114.27,90.0,90.0,120.0,644321.0055061395,4,2707,299,7,178
2ake,2005-08-03T01:00:00Z,X-ray diffraction,3.1,P 43 2 2,133.2,133.2,138.3,90.0,90.0,90.0,2453751.792,2,4576,374,72,1
2zh5,2008-02-01T01:00:00Z,X-ray diffraction,2.6,P 43 21 2,57.991,57.991,442.386,90.0,90.0,90.0,1487724.688849266,2,4457,437,34,96
2dp6,2006-05-07T01:00:00Z,X-ray diffraction,1.8,C 2 2 21,68.868,148.754,93.086,90.0,90.0,90.0,953609.3314765919,3,2537,219,28,217
6n6e,2018-11-26T01:00:00Z,X-ray diffraction,1.578,P 32 2 1,89.615,89.615,59.683,90.0,90.0,120.0,415090.4054183885,2,1819,181,2,267
3i49,2009-07-01T01:00:00Z,X-ray diffraction,1.6,P 43,41.374,41.374,117.213,90.0,90.0,90.0,200646.13656958804,2,1932,200,2,284
1h4s,2001-05-14T01:00:00Z,X-ray diffraction,2.85,P 43 21 2,140.78,140.78,236.97,90.0,90.0,90.0,4696510.420547999,3,9192,946,67,40
5h8w,2015-12-24T01:00:00Z,X-ray diffraction,2.2,P 65,78.569,78.569,177.832,90.0,90.0,120.0,950698.9095674935,2,4945,596,5,46
3rzh,2011-05-11T01:00:00Z,X-ray diffraction,2.25,P 65 2 2,78.116,78.116,229.949,90.0,90.0,120.0,1215184.3016088416,3,2236,201,25,73
4k9a,2013-04-19T01:00:00Z,X-ray diffraction,2.264,I 2 2 2,85.415,98.018,131.34,90.0,90.0,90.0,1099605.7291098002,3,3767,354,29,203
7kte,2020-11-24T01:00:00Z,X-ray diffraction,1.479,P 21 21 21,59.94,68.523,110.605,90.0,90.0,90.0,454284.4457151,4,3751,328,18,466
3gx4,2009-04-01T01:00:00Z,X-ray diffraction,2.7,P 61 2 2,59.728,59.728,238.028,90.0,90.0,120.0,735384.7583161482,3,1455,108,25,26
7m49,2021-03-21T01:00:00Z,X-ray diffraction,1.6,P 21 21 21,56.146,62.771,140.568,90.0,90.0,90.0,495409.5046814881,4,3331,320,22,280
4hj5,2012-10-12T01:00:00Z,X-ray diffraction,2.04,P 21 21 21,40.873,59.244,65.763,90.0,90.0,90.0,159243.79002915602,2,1444,138,9,93
2rdj,2007-09-24T01:00:00Z,X-ray diffraction,2.2,P 21 21 21,97.993,102.51,106.109,90.0,90.0,90.0,1065892.75118487,6,7024,682,59,311
2gie,2006-03-28T01:00:00Z,X-ray diffraction,2.6,I 21 21 21,67.243,175.472,253.896,90.0,90.0,90.0,2995785.8553596158,8,9798,1026,52,509
4v2s,2014-10-14T01:00:00Z,X-ray diffraction,3.48,P 21 21 21,71.94,73.356,137.947,90.0,90.0,90.0,727978.13509608,7,4470,417,58,45
4rtp,2014-11-15T01:00:00Z,X-ray diffraction,2.39,P 21 21 21,35.817,63.225,144.102,90.0,90.0,90.0,326323.27684215,3,2433,246,22,26
2dpu,2006-05-15T01:00:00Z,X-ray diffraction,3.1,P 62,73.049,73.049,68.411,90.0,90.0,120.0,316144.1286423935,3,1396,115,21,8
6bse,2017-12-02T01:00:00Z,X-ray diffraction,2.35,P 21 21 21,39.447,95.172,104.719,90.0,90.0,90.0,393141.29360259604,4,3302,145,32,108
4rtm,2014-11-15T01:00:00Z,X-ray diffraction,2.5,P 21 21 21,36.376,63.073,143.216,90.0,90.0,90.0,328586.691248768,3,2517,245,22,51
7z5a,2022-03-08T01:00:00Z,X-ray diffraction,2.28,P 21 21 21,56.117,71.528,94.437,90.0,90.0,90.0,379064.147315112,2,2484,264,15,125
1iaw,2001-03-23T01:00:00Z,X-ray diffraction,2.4,P 21 21 21,59.6,65.0,258.5,90.0,90.0,90.0,1001429.0,6,6195,608,67,44
6nsr,2019-01-25T01:00:00Z,X-ray diffraction,3.0,P 21 21 2,63.517,165.569,81.529,90.0,90.0,90.0,857395.340038517,5,5345,545,52,0
6n6c,2018-11-26T01:00:00Z,X-ray diffraction,1.619,P 32 2 1,89.375,89.375,59.451,90.0,90.0,120.0,411265.1460381515,2,1802,181,2,268
7m46,2021-03-21T01:00:00Z,X-ray diffraction,1.92,P 21 21 21,56.263,62.808,139.452,90.0,90.0,90.0,492790.8065158079,4,3204,320,22,257
3qea,2011-01-20T01:00:00Z,X-ray diffraction,3.1,P 43 21 2,71.81,71.81,181.8,90.0,90.0,90.0,937483.7149800002,3,3176,345,22,10
4rtq,2014-11-15T01:00:00Z,X-ray diffraction,1.997,P 21 21 21,44.009,62.918,136.642,90.0,90.0,90.0,378355.994836204,3,2716,246,23,230
4xww,2015-01-29T01:00:00Z,X-ray diffraction,1.7,P 21 21 21,67.12,87.86,249.4,90.0,90.0,90.0,1470752.50208,4,9366,1088,14,767
5kg2,2016-06-12T01:00:00Z,X-ray diffraction,1.6,P 61,98.27,98.27,82.19,90.0,90.0,120.0,687371.5046197659,3,4381,430,21,474
7m83,2021-03-29T01:00:00Z,X-ray diffraction,1.55,P 61,98.295,98.295,81.831,90.0,90.0,120.0,684717.3682559547,3,4500,430,20,496
1xc8,2004-09-01T01:00:00Z,X-ray diffraction,1.95,P 41 21 2,92.513,92.513,142.867,90.0,90.0,90.0,1222749.3880295232,3,3101,271,27,400
2wq6,2009-08-14T01:00:00Z,X-ray diffraction,2.3,P 21 21 21,89.169,87.486,91.856,90.0,90.0,90.0,716572.250692704,3,5005,508,28,173
4o3o,2013-12-18T01:00:00Z,X-ray diffraction,1.698,P 61,98.567,98.567,81.555,90.0,90.0,120.0,686189.8673811448,3,4313,431,20,425
4dfj,2012-01-23T01:00:00Z,X-ray diffraction,1.9,P 31 2 1,108.88,108.88,90.44,90.0,90.0,120.0,928511.7624010845,3,5239,539,28,258
4pe8,2014-04-23T01:00:00Z,X-ray diffraction,2.894,P 21 21 21,43.45,52.871,101.107,90.0,90.0,90.0,232267.54515965004,2,2142,260,3,39
4dqr,2012-02-16T01:00:00Z,X-ray diffraction,1.95,P 21 21 21,93.897,108.846,149.771,90.0,90.0,90.0,1530706.477654602,6,21345,1159,41,830
4n2s,2013-10-06T01:00:00Z,X-ray diffraction,3.0,P 41 21 2,88.25,88.25,78.927,90.0,90.0,90.0,614688.4089375001,2,1596,197,4,15
7u7t,2022-03-07T01:00:00Z,X-ray diffraction,1.55,P 61,98.631,98.631,81.973,90.0,90.0,120.0,690602.7984701095,3,4433,430,20,423
4kb6,2013-04-23T01:00:00Z,X-ray diffraction,3.0754,C 2 2 21,86.28,111.89,117.78,90.0,90.0,90.0,1137032.7143760002,3,3529,353,27,6
4dqi,2012-02-15T01:00:00Z,X-ray diffraction,1.69,P 21 21 21,93.68,109.36,150.32,90.0,90.0,90.0,1540005.070336,6,22370,1158,42,1643
6bhx,2017-10-31T01:00:00Z,X-ray diffraction,2.936,P 21 21 21,57.939,93.681,100.968,90.0,90.0,90.0,548032.440288312,5,6368,395,11,31
3mfi,2010-04-02T01:00:00Z,X-ray diffraction,1.76,C 2 2 21,88.087,226.962,85.919,90.0,90.0,90.0,1717727.161146786,3,5383,511,23,715
1zrc,2005-05-19T01:00:00Z,X-ray diffraction,2.8,P 21 21 21,61.55,75.552,180.898,90.0,90.0,90.0,841216.5105888,6,4789,400,76,41
7kjt,2020-10-26T01:00:00Z,X-ray diffraction,3.34,P 32 2 1,121.284,121.284,91.734,90.0,90.0,120.0,1168605.6621602688,2,4465,145,70,0
7coa,2020-08-04T01:00:00Z,X-ray diffraction,1.698,P 21 21 21,59.95,68.57,110.81,90.0,90.0,90.0,455514.589915,4,3544,328,17,365
5c0y,2015-06-12T01:00:00Z,X-ray diffraction,2.1,P 31,110.186,110.186,78.883,90.0,90.0,120.0,829405.451512585,4,7106,774,14,589
1jj6,2001-07-03T01:00:00Z,X-ray diffraction,2.3,C 2 2 21,86.796,82.12,45.234,90.0,90.0,90.0,322413.81727968005,3,954,47,27,12
7u7f,2022-03-07T01:00:00Z,X-ray diffraction,1.65,P 61,98.269,98.269,81.983,90.0,90.0,120.0,685626.3678330756,3,4619,430,21,454
2hhw,2006-06-28T01:00:00Z,X-ray diffraction,1.88,P 21 21 21,93.834,108.897,150.111,90.0,90.0,90.0,1533870.389461878,8,11027,1160,36,809
3oin,2010-08-19T01:00:00Z,X-ray diffraction,1.9,P 21 21 21,44.774,88.749,115.751,90.0,90.0,90.0,459953.697932226,3,4010,434,14,246
2xy6,2010-11-15T01:00:00Z,X-ray diffraction,2.3,P 21 21 21,88.235,93.127,105.505,90.0,90.0,90.0,866941.0044517249,3,5168,581,18,164
3go8,2009-03-18T01:00:00Z,X-ray diffraction,1.89,P 21 21 21,45.244,92.655,105.246,90.0,90.0,90.0,441199.94847371994,3,2805,252,28,245
7eiu,2021-03-31T01:00:00Z,X-ray diffraction,2.349,C 2 2 21,66.227,162.119,96.657,90.0,90.0,90.0,1037772.8635915411,4,2733,295,12,112
1o3t,2003-03-18T01:00:00Z,X-ray diffraction,2.8,C 2 2 21,136.99,152.8,76.06,90.0,90.0,90.0,1592093.3963200003,6,4491,396,62,58
5e6c,2015-10-09T01:00:00Z,X-ray diffraction,2.2,P 21 21 21,39.083,97.407,103.852,90.0,90.0,90.0,395360.179472412,4,1841,150,32,33
7u7u,2022-03-07T01:00:00Z,X-ray diffraction,1.54,P 61,98.488,98.488,82.046,90.0,90.0,120.0,689214.9367901639,3,4449,430,20,425
5t14,2016-08-17T01:00:00Z,X-ray diffraction,3.0,P 21 21 21,65.25,128.82,167.46,90.0,90.0,90.0,1407585.8673,6,7774,862,42,91
3b0v,2011-06-14T01:00:00Z,X-ray diffraction,3.51,P 41 21 2,118.89,118.89,319.55,90.0,90.0,90.0,4516785.597555,4,8204,630,146,2
3vh0,2011-08-23T01:00:00Z,X-ray diffraction,2.9,I 41,171.172,171.172,177.215,90.0,90.0,90.0,5192373.55288856,6,10388,1286,22,30
6jdv,2019-02-02T01:00:00Z,X-ray diffraction,3.1,P 21 21 2,130.541,158.34,118.253,90.0,90.0,90.0,2444273.18399082,4,12219,1036,189,12
5vz7,2017-05-27T01:00:00Z,X-ray diffraction,1.551,P 21 21 21,59.805,68.825,109.757,90.0,90.0,90.0,451768.49652262504,4,3560,327,17,404
6ipe,2018-11-03T01:00:00Z,X-ray diffraction,1.7,P 21 21 21,59.889,68.402,110.512,90.0,90.0,90.0,452715.43359753606,4,3648,326,18,443
2bcv,2005-10-19T01:00:00Z,X-ray diffraction,2.0,P 21 21 21,55.14,62.988,141.936,90.0,90.0,90.0,492966.19930752,4,3296,323,21,351
5crk,2015-07-23T01:00:00Z,X-ray diffraction,2.48,C 2 2 21,88.743,89.375,159.91,90.0,90.0,90.0,1268311.0734937498,3,3484,324,44,1
3bx2,2008-01-11T01:00:00Z,X-ray diffraction,2.84,P 21 21 21,65.86,136.18,158.851,90.0,90.0,90.0,1424705.1997948,4,5653,651,18,68
7sum,2021-11-17T01:00:00Z,X-ray diffraction,2.9,P 21 21 21,65.255,116.589,124.156,90.0,90.0,90.0,944580.73455042,4,5887,645,36,141
5kt4,2016-07-11T01:00:00Z,X-ray diffraction,2.78,P 65 2 2,98.119,98.119,202.72,90.0,90.0,120.0,1690181.9364675104,3,3286,378,17,24
5tyw,2016-11-21T01:00:00Z,X-ray diffraction,1.88,P 21 21 21,59.983,68.718,109.871,90.0,90.0,90.0,452878.57071857393,4,3595,327,18,392
4gck,2012-07-30T01:00:00Z,X-ray diffraction,2.05,P 21 21 21,71.49,80.75,201.3,90.0,90.0,90.0,1162068.16275,6,7088,758,24,448
3w3s,2012-12-27T01:00:00Z,X-ray diffraction,3.095,I 4 3 2,272.817,272.817,272.817,90.0,90.0,90.0,20305528.000362515,2,6538,527,98,25
1m8y,2002-07-26T01:00:00Z,X-ray diffraction,2.6,P 21 21 21,35.84,59.73,340.85,90.0,90.0,90.0,729665.50272,4,6303,683,20,340
5tye,2016-11-19T01:00:00Z,X-ray diffraction,2.047,P 21 21 21,59.998,68.573,110.478,90.0,90.0,90.0,454533.32202421187,4,3433,327,18,323
6x75,2020-05-29T01:00:00Z,X-ray diffraction,1.95,P 21 21 21,62.199,73.566,117.39,90.0,90.0,90.0,537145.13651526,3,4549,438,30,412
4ofe,2014-01-14T01:00:00Z,X-ray diffraction,2.15,P 21 21 21,41.722,55.605,104.245,90.0,90.0,90.0,241843.37643345,3,1829,142,24,134
2z70,2007-08-09T01:00:00Z,X-ray diffraction,1.7,P 21 21 21,35.556,49.758,143.108,90.0,90.0,90.0,253186.022172384,2,2258,245,4,282
1k8g,2001-10-24T01:00:00Z,X-ray diffraction,2.6,P 32 2 1,121.182,121.182,137.169,90.0,90.0,120.0,1744467.3117146885,5,7040,822,8,189
2nol,2006-10-25T01:00:00Z,X-ray diffraction,2.57,P 65 2 2,92.037,92.037,211.368,90.0,90.0,120.0,1550582.1424660422,3,3187,314,30,155
5a74,2015-07-02T01:00:00Z,X-ray diffraction,2.5,P 21 21 21,62.73,82.03,94.49,90.0,90.0,90.0,486221.15213099995,6,3660,315,48,208
4eey,2012-03-28T01:00:00Z,X-ray diffraction,2.32,P 61,98.5,98.5,82.603,90.0,90.0,120.0,694063.0320263829,3,3813,426,20,119
5ewe,2015-11-20T01:00:00Z,X-ray diffraction,1.66,P 61,99.282,99.282,81.895,90.0,90.0,120.0,699083.5026118708,3,4272,427,20,438
5vz8,2017-05-27T01:00:00Z,X-ray diffraction,1.601,P 21 21 21,59.934,69.031,109.825,90.0,90.0,90.0,454379.40674805,4,3473,327,18,363
5tyv,2016-11-21T01:00:00Z,X-ray diffraction,1.93,P 21 21 21,59.947,68.752,109.994,90.0,90.0,90.0,453337.646983136,4,3526,327,18,354
3jrg,2009-09-08T01:00:00Z,X-ray diffraction,3.11,P 21 21 21,43.15,93.16,154.56,90.0,90.0,90.0,621308.6342399999,4,2606,189,54,0
3oh9,2010-08-17T01:00:00Z,X-ray diffraction,2.802,I 41 2 2,139.9,139.9,91.1,90.0,90.0,90.0,1783010.111,3,2700,288,22,1
5tyx,2016-11-21T01:00:00Z,X-ray diffraction,1.948,P 21 21 21,59.908,68.736,109.962,90.0,90.0,90.0,452805.5139010561,4,3452,325,18,363
6ipd,2018-11-03T01:00:00Z,X-ray diffraction,1.7,P 21 21 21,59.68,68.671,109.576,90.0,90.0,90.0,449073.70784128,4,3605,326,18,428
6cvs,2018-03-28T01:00:00Z,X-ray diffraction,2.11,P 21 21 21,40.384,116.316,117.559,90.0,90.0,90.0,552210.518935296,6,8047,358,40,504
3jr9,2009-09-08T01:00:00Z,X-ray diffraction,2.9,P 21 21 21,42.96,91.69,154.17,90.0,90.0,90.0,607276.000008,4,2644,189,54,22
7cd6,2020-06-18T01:00:00Z,X-ray diffraction,2.701,P 63 2 2,124.65,124.65,138.467,90.0,90.0,120.0,1863208.601017276,2,2419,277,9,27
2qkb,2007-07-10T01:00:00Z,X-ray diffraction,2.4,P 32 2 1,109.991,109.991,67.253,90.0,90.0,120.0,704622.6423774853,4,3244,302,40,62
1fn7,2000-08-21T01:00:00Z,X-ray diffraction,2.6,P 65 2 2,92.113,92.113,211.014,90.0,90.0,120.0,1550542.7892488958,3,3170,314,30,133
5t9j,2016-09-09T01:00:00Z,X-ray diffraction,3.0001273,P 32,86.94,86.94,200.724,90.0,90.0,120.0,1313920.8562039256,6,8002,781,78,40
4ecr,2012-03-26T01:00:00Z,X-ray diffraction,1.892,P 61,98.786,98.786,82.431,90.0,90.0,120.0,696645.7648033694,3,4308,430,20,438
3ode,2010-08-11T01:00:00Z,X-ray diffraction,2.95,P 31 2 1,62.804,62.804,196.049,90.0,90.0,120.0,669683.9228981163,6,2135,184,32,21
4ecu,2012-03-26T01:00:00Z,X-ray diffraction,1.949,P 61,98.786,98.786,82.431,90.0,90.0,120.0,696645.7648033694,3,4181,430,21,310
5vza,2017-05-27T01:00:00Z,X-ray diffraction,1.501,P 21 21 21,59.866,68.838,110.044,90.0,90.0,90.0,453497.45433115197,4,3607,327,17,421
5iik,2016-03-01T01:00:00Z,X-ray diffraction,1.982,P 21 21 21,56.182,63.475,140.369,90.0,90.0,90.0,500577.25325405,4,3370,326,22,398
3rr8,2011-04-29T01:00:00Z,X-ray diffraction,2.4,P 31 2 1,108.965,108.965,90.406,90.0,90.0,120.0,929612.4521376065,3,4882,534,25,107
7k5q,2020-09-17T01:00:00Z,X-ray diffraction,2.0,P 21 21 21,88.2,93.988,105.724,90.0,90.0,90.0,876424.6409184,3,5576,577,23,443
3v74,2011-12-20T01:00:00Z,X-ray diffraction,2.3,P 61,98.465,98.465,107.982,90.0,90.0,120.0,906662.741629464,2,3689,394,11,318
5j5p,2016-04-03T01:00:00Z,X-ray diffraction,1.97,C 2 2 21,134.44,136.46,136.27,90.0,90.0,90.0,2499966.1406480004,6,7443,793,24,832
3k5y,2009-10-08T01:00:00Z,X-ray diffraction,2.3,P 61,97.226,97.226,101.275,90.0,90.0,120.0,829082.4477882675,2,3466,400,9,97
5va7,2017-03-24T01:00:00Z,X-ray diffraction,2.153,P 21 21 21,39.143,96.855,104.554,90.0,90.0,90.0,396384.62973681005,4,1779,140,32,51
2f8k,2005-12-02T01:00:00Z,X-ray diffraction,2.0,P 21 21 21,27.55,44.53,129.23,90.0,90.0,90.0,158539.557845,2,1119,84,16,117
5bz5,2015-06-11T01:00:00Z,X-ray diffraction,2.8,P 61 2 2,105.852,105.852,168.404,90.0,90.0,120.0,1634109.5600991896,2,3148,366,10,13
4yoe,2015-03-11T01:00:00Z,X-ray diffraction,1.92,C 2 2 21,40.557,64.523,141.352,90.0,90.0,90.0,369898.297328472,2,1578,181,3,92
1yty,2005-02-11T01:00:00Z,X-ray diffraction,2.29,P 21 21 2,153.69,54.001,56.684,90.0,90.0,90.0,470443.9656039599,4,3533,367,18,129
5kfy,2016-06-12T01:00:00Z,X-ray diffraction,1.7,P 61,98.59,98.59,82.34,90.0,90.0,120.0,693118.0800152482,3,4338,430,20,445
4z59,2015-04-02T01:00:00Z,X-ray diffraction,2.3,P 41 3 2,127.37,127.37,127.37,90.0,90.0,90.0,2066338.3995530002,2,1122,71,20,142
3eyz,2008-10-22T01:00:00Z,X-ray diffraction,2.1,P 21 21 21,86.663,94.053,106.925,90.0,90.0,90.0,871536.6012375749,4,5457,580,23,303
5ytv,2017-11-20T01:00:00Z,X-ray diffraction,1.7,P 62,66.275,66.275,35.195,90.0,90.0,120.0,133878.57282794596,2,717,75,4,53
6fwr,2018-03-07T01:00:00Z,X-ray diffraction,2.5,P 21 21 2,98.971,133.867,58.862,90.0,90.0,90.0,779859.745344734,2,5894,699,11,119
4rzr,2014-12-23T01:00:00Z,X-ray diffraction,2.2,P 31,56.397,56.397,288.776,90.0,90.0,120.0,795433.2359191425,6,6951,684,56,169
6vf3,2020-01-03T01:00:00Z,X-ray diffraction,1.521,P 21 21 21,60.198,62.385,118.58,90.0,90.0,90.0,445321.5254334,4,3428,326,17,343
3foz,2009-01-02T01:00:00Z,X-ray diffraction,2.5,P 21 21 21,89.24,91.26,152.36,90.0,90.0,90.0,1240826.300064,4,7933,608,143,95
7m0b,2021-03-10T01:00:00Z,X-ray diffraction,2.0,P 21 21 21,56.368,59.961,139.406,90.0,90.0,90.0,471175.781021088,5,3458,331,21,391
3k5l,2009-10-07T01:00:00Z,X-ray diffraction,2.7,P 21 21 21,79.974,101.198,121.717,90.0,90.0,90.0,985081.101838884,3,7057,781,31,78
4fm9,2012-06-15T01:00:00Z,X-ray diffraction,2.901,C 2 2 21,85.918,215.081,128.65,90.0,90.0,90.0,2377365.7219067,3,6582,727,30,47
7dct,2020-10-27T01:00:00Z,X-ray diffraction,2.36,P 21 21 21,85.559,94.71,142.259,90.0,90.0,90.0,1152766.3432385097,10,6926,583,96,162
3ncu,2010-06-05T01:00:00Z,X-ray diffraction,2.55,P 65,83.462,83.462,110.364,90.0,90.0,120.0,665787.5032263258,4,2604,240,22,106
6gn7,2018-05-30T01:00:00Z,X-ray diffraction,2.8,I 2 2 2,67.33,120.69,208.94,90.0,90.0,90.0,1697858.4958379997,4,3146,291,26,121
6lwh,2020-02-07T01:00:00Z,X-ray diffraction,2.78,P 21 21 21,73.593,109.014,168.053,90.0,90.0,90.0,1348233.3081030059,9,7515,763,75,157
4yco,2015-02-20T01:00:00Z,X-ray diffraction,2.1,C 2 2 21,100.585,176.895,238.413,90.0,90.0,90.0,4242078.593066474,6,12665,931,212,645
3gpy,2009-03-23T01:00:00Z,X-ray diffraction,1.85,P 21 21 21,44.904,95.207,102.238,90.0,90.0,90.0,437085.354736464,3,3075,273,31,298
5kfj,2016-06-12T01:00:00Z,X-ray diffraction,1.7,P 61,98.12,98.12,82.25,90.0,90.0,120.0,685774.9503706553,3,4430,430,21,473
2uz4,2007-04-25T01:00:00Z,X-ray diffraction,2.1,R 3 2 :H,95.177,95.177,312.355,90.0,90.0,120.0,2450434.6065269304,3,3314,327,25,149
2xca,2010-04-20T01:00:00Z,X-ray diffraction,2.5,P 21 21 2,94.443,103.909,52.707,90.0,90.0,90.0,517238.96844870906,3,3590,342,30,197
4ld0,2013-06-24T01:00:00Z,X-ray diffraction,3.75,P 32 2 1,106.356,106.356,132.653,90.0,90.0,120.0,1299486.27999494,5,3361,315,55,0
6lwa,2020-02-07T01:00:00Z,X-ray diffraction,2.76,P 21 21 21,73.559,109.771,169.173,90.0,90.0,90.0,1366011.916724097,9,7504,760,75,141
2dwm,2006-08-15T01:00:00Z,X-ray diffraction,3.15,R 3 2 :H,112.66,112.66,260.72,90.0,90.0,120.0,2865790.726205711,7,3374,417,4,0
4g83,2012-07-20T01:00:00Z,X-ray diffraction,4.0,P 21 21 21,141.717,96.345,34.348,90.0,90.0,90.0,468978.12448902003,4,3506,396,20,2
3v7k,2011-12-21T01:00:00Z,X-ray diffraction,2.271,P 21 21 21,56.464,75.508,117.359,90.0,90.0,90.0,500358.1849566079,3,3181,331,19,131
3eph,2008-09-29T01:00:00Z,X-ray diffraction,2.95,C 2 2 21,162.463,211.596,125.518,90.0,90.0,90.0,4314872.156351063,4,9934,804,138,296
5wwe,2017-01-01T01:00:00Z,X-ray diffraction,2.4,P 43,62.591,62.591,53.043,90.0,90.0,90.0,207803.022124083,2,1638,174,10,6
5d5w,2015-08-11T01:00:00Z,X-ray diffraction,2.35,C 2 2 21,39.771,78.397,90.084,90.0,90.0,90.0,280875.34370530804,2,1081,94,12,22
6vf2,2020-01-03T01:00:00Z,X-ray diffraction,1.6,P 21 21 21,60.278,62.297,118.573,90.0,90.0,90.0,445258.04518631793,4,3372,326,17,319
6ak9,2018-08-30T01:00:00Z,X-ray diffraction,1.91,P 21 21 21,59.907,68.742,110.211,90.0,90.0,90.0,453862.894135734,4,3523,327,17,393
6xlx,2020-06-29T01:00:00Z,X-ray diffraction,1.7,P 21 21 21,43.492,61.875,77.421,90.0,90.0,90.0,208345.1369175,2,3449,196,8,178
7kr4,2020-11-18T01:00:00Z,X-ray diffraction,2.2,P 21 21 21,72.374,96.556,114.997,90.0,90.0,90.0,803615.589128168,4,6050,639,36,320
6j9c,2019-01-22T01:00:00Z,X-ray diffraction,3.102,P 21 21 2,71.073,96.601,99.263,90.0,90.0,90.0,681512.249542599,6,3022,223,60,0
7kr3,2020-11-18T01:00:00Z,X-ray diffraction,2.778,P 21 21 21,73.681,101.665,115.5,90.0,90.0,90.0,865184.9589075,4,5744,632,37,19
4x4s,2014-12-03T01:00:00Z,X-ray diffraction,3.25,P 21 21 2,111.343,216.45,58.447,90.0,90.0,90.0,1408583.9422804501,4,16877,880,65,10
5ink,2016-03-07T01:00:00Z,X-ray diffraction,2.15,P 21 21 21,54.615,67.662,166.745,90.0,90.0,90.0,616182.8248768501,4,4843,502,18,446
1qu3,1999-07-06T01:00:00Z,X-ray diffraction,2.9,P 21 21 21,71.0,100.0,180.0,90.0,90.0,90.0,1278000.0,2,8870,880,75,120
1qpi,1999-05-25T01:00:00Z,X-ray diffraction,2.5,C 2 2 21,38.04,193.2,91.75,90.0,90.0,90.0,674300.8439999999,3,2203,195,30,42
2xd0,2010-04-28T01:00:00Z,X-ray diffraction,3.0,P 21 21 21,42.139,119.125,377.057,90.0,90.0,90.0,1892753.8864523752,12,12651,972,210,177
4rwn,2014-12-05T01:00:00Z,X-ray diffraction,2.0,P 43 21 2,72.4,72.4,205.95,90.0,90.0,90.0,1079540.472,3,3960,349,38,259
5wvz,2016-12-30T01:00:00Z,X-ray diffraction,2.3,C 2 2 21,78.791,79.139,105.205,90.0,90.0,90.0,655999.565039545,6,1611,118,32,35
5inp,2016-03-07T01:00:00Z,X-ray diffraction,1.947,P 21 21 21,54.592,68.521,166.899,90.0,90.0,90.0,624318.8276023681,4,4971,503,18,444
3t3f,2011-07-25T01:00:00Z,X-ray diffraction,1.9,P 31 2 1,109.778,109.778,91.219,90.0,90.0,120.0,952021.0852418782,3,5171,533,25,341
1ebm,2000-01-24T01:00:00Z,X-ray diffraction,2.1,P 65 2 2,92.357,92.357,212.872,90.0,90.0,120.0,1572493.3122557856,3,3183,314,30,134
6w4t,2020-03-11T01:00:00Z,X-ray diffraction,2.77,P 21 21 21,45.659,148.315,153.235,90.0,90.0,90.0,1037694.331432475,6,6132,552,82,41
5kg1,2016-06-12T01:00:00Z,X-ray diffraction,1.62,P 61,98.24,98.24,82.01,90.0,90.0,120.0,685447.4280292083,3,4388,430,21,472
3py8,2010-12-12T01:00:00Z,X-ray diffraction,1.74,P 31 2 1,108.61,108.61,90.57,90.0,90.0,120.0,925240.4833867855,3,5383,539,26,532
7m45,2021-03-21T01:00:00Z,X-ray diffraction,1.889,P 21 21 21,56.018,62.547,140.01,90.0,90.0,90.0,490561.13601846,4,3251,320,22,251
4gz0,2012-09-05T01:00:00Z,X-ray diffraction,2.113,P 21 21 21,117.9,121.1,167.3,90.0,90.0,90.0,2388657.5370000005,12,14788,1498,54,1181
7sor,2021-11-01T01:00:00Z,X-ray diffraction,1.35,P 21 21 21,48.562,55.89,70.172,90.0,90.0,90.0,190455.94299096,4,1762,178,6,160
1odg,2003-02-19T01:00:00Z,X-ray diffraction,2.8,P 61,102.805,102.805,64.29,90.0,90.0,120.0,588440.468106964,3,1672,134,24,82
2ofi,2007-01-03T01:00:00Z,X-ray diffraction,1.85,P 63,101.963,101.963,55.461,90.0,90.0,120.0,499348.2562218486,3,2127,184,24,162
4guq,2012-08-29T01:00:00Z,X-ray diffraction,3.7,P 61,172.498,172.498,34.093,90.0,90.0,120.0,878544.9330787292,4,3533,398,20,2
4flv,2012-06-15T01:00:00Z,X-ray diffraction,2.7,P 21 21 21,69.03,115.0,129.21,90.0,90.0,90.0,1025727.1245,3,6966,757,24,367
2y1j,2010-12-08T01:00:00Z,X-ray diffraction,2.15,P 21 21 21,88.525,93.382,105.773,90.0,90.0,90.0,874387.47666815,3,5228,580,18,171
6rnr,2019-05-09T01:00:00Z,X-ray diffraction,2.003,P 41 21 2,91.813,91.813,141.617,90.0,90.0,90.0,1193778.482468873,3,2826,266,28,114
4ykl,2015-03-04T01:00:00Z,X-ray diffraction,2.25,P 3 2 1,119.083,119.083,36.564,90.0,90.0,120.0,449038.7974298297,2,1898,195,10,61
3ere,2008-10-01T01:00:00Z,X-ray diffraction,2.5,P 63 2 2,94.128,94.128,147.014,90.0,90.0,120.0,1128046.462506769,3,1880,156,32,96
1n48,2002-10-30T01:00:00Z,X-ray diffraction,2.2,P 21 21 21,75.546,88.458,92.389,90.0,90.0,90.0,617403.172354452,3,3782,342,29,393
1pji,2003-06-03T01:00:00Z,X-ray diffraction,1.9,P 41 21 2,91.955,91.955,142.076,90.0,90.0,90.0,1201355.1624238999,3,3016,267,27,229
3v9x,2011-12-28T01:00:00Z,X-ray diffraction,1.9,P 32,46.28,46.28,314.379,90.0,90.0,120.0,583137.3520434303,8,7191,830,13,532
6ajk,2018-08-28T01:00:00Z,X-ray diffraction,3.001,P 43 2 2,122.564,122.564,73.067,90.0,90.0,90.0,1097607.6585924318,2,2944,293,28,0
1j2b,2002-12-29T01:00:00Z,X-ray diffraction,3.3,R 3 2 :H,230.834,230.834,269.255,90.0,90.0,120.0,12424930.354902638,4,12495,1152,148,47
7m7m,2021-03-28T01:00:00Z,X-ray diffraction,1.46,P 61,98.444,98.444,82.105,90.0,90.0,120.0,689094.4317806666,3,4476,425,20,523
3rzj,2011-05-11T01:00:00Z,X-ray diffraction,2.5,P 65 2 2,77.779,77.779,229.016,90.0,90.0,120.0,1199834.0069184387,3,2221,203,25,48
1kb4,2001-11-05T01:00:00Z,X-ray diffraction,2.8,P 43 21 2,61.5,61.5,241.97,90.0,90.0,90.0,915191.0325,4,2235,192,36,35
2nug,2006-11-09T01:00:00Z,X-ray diffraction,1.7,P 21 21 2,95.4,119.9,58.9,90.0,90.0,90.0,673725.294,6,5123,434,44,464
6u81,2019-09-04T01:00:00Z,X-ray diffraction,2.34,C 2 2 21,71.64,73.19,108.07,90.0,90.0,90.0,566646.8460119999,3,3460,132,37,67
5dwa,2015-09-22T01:00:00Z,X-ray diffraction,1.5,P 21 21 21,66.003,79.806,101.655,90.0,90.0,90.0,535461.14741679,4,5464,556,22,524
1ksp,1997-08-19T01:00:00Z,X-ray diffraction,2.3,P 43,101.56,101.56,85.25,90.0,90.0,90.0,879305.4644,2,5026,601,2,213
4ea5,2012-03-22T01:00:00Z,X-ray diffraction,2.14,P 21 21 21,38.49,99.76,53.48,90.0,90.0,90.0,205350.493152,3,1635,136,20,72
3hp6,2009-06-03T01:00:00Z,X-ray diffraction,1.81,P 21 21 21,93.17,108.71,152.21,90.0,90.0,90.0,1541660.613647,8,11210,1160,40,882
4wuh,2014-10-31T01:00:00Z,X-ray diffraction,2.294,P 21 21 21,38.332,77.932,104.696,90.0,90.0,90.0,312757.253535104,5,1910,136,34,123
3eeo,2008-09-05T01:00:00Z,X-ray diffraction,1.94,R 3 2 :H,95.479,95.479,318.353,90.0,90.0,120.0,2513363.4897531127,3,3226,327,23,114
5wm8,2017-07-28T01:00:00Z,X-ray diffraction,1.92,P 21 21 2,62.551,180.358,54.586,90.0,90.0,90.0,615815.957861188,3,4514,432,28,332
1jid,2001-07-02T01:00:00Z,X-ray diffraction,1.8,C 2 2 21,55.813,109.782,89.461,90.0,90.0,90.0,548151.054309126,2,1828,114,28,280
5e6a,2015-10-09T01:00:00Z,X-ray diffraction,2.197,P 21 21 21,39.993,95.497,103.634,90.0,90.0,90.0,395800.166767314,4,1825,146,32,55
6fbh,2017-12-19T01:00:00Z,X-ray diffraction,1.8,P 31 2 1,109.706,109.706,91.292,90.0,90.0,120.0,951533.5689524392,3,9577,539,27,269
4ed8,2012-03-27T01:00:00Z,X-ray diffraction,1.521,P 61,98.786,98.786,82.431,90.0,90.0,120.0,696645.7648033694,3,4351,430,20,485
7b0g,2020-11-19T01:00:00Z,X-ray diffraction,3.0,P 21 21 21,56.21,106.77,231.78,90.0,90.0,90.0,1391037.335226,3,6535,737,20,5
1de9,1999-11-13T01:00:00Z,X-ray diffraction,3.0,P 21 21 21,90.06,98.35,101.05,90.0,90.0,90.0,895040.37105,8,5088,552,36,2
4b21,2012-07-12T01:00:00Z,X-ray diffraction,1.45,I 2 2 2,68.926,84.746,126.713,90.0,90.0,90.0,740156.3298895479,3,2388,208,21,259
3buc,2008-01-02T01:00:00Z,X-ray diffraction,2.59,P 65 2 2,77.91,77.91,226.558,90.0,90.0,120.0,1190957.9904847392,3,2195,200,25,41
4ea4,2012-03-22T01:00:00Z,X-ray diffraction,2.0,P 21 21 21,40.27,63.18,94.79,90.0,90.0,90.0,241170.272694,3,1737,137,23,83
2hhu,2006-06-28T01:00:00Z,X-ray diffraction,1.8,P 21 21 21,87.801,93.415,105.247,90.0,90.0,90.0,863228.5703875051,5,5650,580,23,430
2oxv,2007-02-21T01:00:00Z,X-ray diffraction,1.95,P 3 2 1,116.473,116.473,48.476,90.0,90.0,120.0,569518.6257954383,2,2452,261,13,136
7tdx,2022-01-03T01:00:00Z,X-ray diffraction,3.1,P 63 2 2,89.454,89.454,176.029,90.0,90.0,120.0,1219872.3392980054,3,1349,90,28,0
3ket,2009-10-26T01:00:00Z,X-ray diffraction,2.4,I 2 2 2,48.72,107.03,153.95,90.0,90.0,90.0,802772.5213199998,3,2208,205,22,121
4jrp,2013-03-21T01:00:00Z,X-ray diffraction,1.95,P 43,91.3,91.3,159.7,90.0,90.0,90.0,1331209.6929999997,4,8474,925,26,425
6fb9,2017-12-18T01:00:00Z,X-ray diffraction,2.95,P 43,79.729,79.729,126.25,90.0,90.0,90.0,802535.07192625,6,3514,307,48,31
5udl,2016-12-27T01:00:00Z,X-ray diffraction,1.65,P 42 2 2,111.76,111.76,92.992,90.0,90.0,90.0,1161497.7544192001,2,8173,460,3,317
4mg2,2013-08-28T01:00:00Z,X-ray diffraction,2.3,P 63 2 2,129.997,129.997,84.825,90.0,90.0,120.0,1241426.9237939962,3,2146,195,26,32
6fbg,2017-12-19T01:00:00Z,X-ray diffraction,1.702,P 31 2 1,109.288,109.288,90.723,90.0,90.0,120.0,938410.7868187537,3,9724,538,27,276
4dwi,2012-02-24T01:00:00Z,X-ray diffraction,1.85,P 21 21 21,88.051,93.545,105.543,90.0,90.0,90.0,869329.278296685,3,5333,581,19,221
1dfu,1999-11-21T01:00:00Z,X-ray diffraction,1.8,C 2 2 21,75.6,76.6,95.1,90.0,90.0,90.0,550720.2959999999,3,1819,94,38,247
2oxm,2007-02-20T01:00:00Z,X-ray diffraction,2.5,P 21 21 21,48.467,65.567,98.472,90.0,90.0,90.0,312927.845814408,3,2299,223,18,108
4n2q,2013-10-06T01:00:00Z,X-ray diffraction,2.8,P 41 21 2,90.341,90.341,81.733,90.0,90.0,90.0,667063.575534973,2,1605,198,5,14
